threshold_tau,n_items_evaluated,n_clusters,silhouette_cosine,cophenetic_corr,bootstrap_ARI_mean
0.25,2999,2153,0.337661288231578,0.8053106188617924,0.9994914708604501
0.3,2999,2137,0.34189416133167766,0.8053106188617924,0.9986579670090161
0.35,2999,2115,0.3465343161740378,0.8053106188617924,0.9981035301843466
0.4,2999,2088,0.3498969595081121,0.8053106188617924,0.9953446469312257
0.45,2999,2059,0.35170786155920325,0.8053106188617924,0.9960858969682311
